"rush_td","rush_yds","game_result","gs","pass_sacked_yds","pass_rating","playerName","pass_cmp_perc","pass_int","rec_yds","targets","ranker","pass_sacked","pass_cmp","scoring","rec_td","opp","age","game_num","pass_adj_yds_per_att","rec_yds_per_tgt","game_location","pass_yds","rec","pass_att","rush_att","game_date","rec_yds_per_rec","pass_td","rush_yds_per_att","pass_yds_per_att","all_td","team","catch_pct"
"0","2","L 34-37","*","0","90.7","Drew Brees","69.05","1","0","0","1","0","29","0","0","ATL","35-235","1","7.33","","@","333","0","42","1","2014-09-07","","1","2.00","7.93","0","NOR","0.0%"
"0","3","L 24-26","*","14","89.3","Drew Brees","67.50","1","0","0","2","2","27","0","0","CLE","35-242","2","5.80","","@","237","0","40","1","2014-09-14","","2","3.00","5.93","0","NOR","0.0%"
"0","-2","W 20-9","*","5","120.3","Drew Brees","77.14","0","0","0","3","1","27","0","0","MIN","35-249","3","9.51","","","293","0","35","3","2014-09-21","","2","-0.67","8.37","0","NOR","0.0%"
"0","6","L 17-38","*","4","100.6","Drew Brees","72.73","1","0","0","4","1","32","0","0","DAL","35-256","4","7.61","","@","340","0","44","1","2014-09-28","","2","6.00","7.73","0","NOR","0.0%"
"0","-1","W 37-31","*","0","70.1","Drew Brees","61.40","3","0","0","5","0","35","0","0","TAM","35-263","5","4.84","","","371","0","57","1","2014-10-05","","2","-1.00","6.51","0","NOR","0.0%"
"0","13","L 23-24","*","7","91.2","Drew Brees","62.22","1","0","0","6","1","28","0","0","DET","35-277","6","7.49","","@","342","0","45","1","2014-10-19","","2","13.00","7.60","0","NOR","0.0%"
"0","6","W 44-23","*","9","138.4","Drew Brees","84.38","0","0","0","7","2","27","0","0","GNB","35-284","7","11.59","","","311","0","32","1","2014-10-26","","3","6.00","9.72","0","NOR","0.0%"
"1","2","W 28-10","*","27","94.9","Drew Brees","70.59","1","0","0","8","4","24","6","0","CAR","35-288","8","8.00","","@","297","0","34","4","2014-10-30","","1","0.50","8.74","1","NOR","0.0%"
"0","7","L 24-27","*","5","81.2","Drew Brees","59.57","2","0","0","9","2","28","0","0","SFO","35-298","9","5.57","","","292","0","47","2","2014-11-09","","3","3.50","6.21","0","NOR","0.0%"
"0","3","L 10-27","*","0","100.7","Drew Brees","80.49","0","0","0","10","0","33","0","0","CIN","35-305","10","6.71","","","255","0","41","1","2014-11-16","","1","3.00","6.22","0","NOR","0.0%"
"0","15","L 27-34","*","21","118.5","Drew Brees","77.78","1","0","0","11","4","35","0","0","BAL","35-313","11","9.67","","","420","0","45","3","2014-11-24","","3","5.00","9.33","0","NOR","0.0%"
"0","0","W 35-32","*","7","140.0","Drew Brees","70.37","0","0","0","12","1","19","0","0","PIT","35-319","12","13.22","","@","257","0","27","0","2014-11-30","","5","","9.52","0","NOR","0.0%"
"0","6","L 10-41","*","17","69.7","Drew Brees","59.18","1","0","0","13","2","29","0","0","CAR","35-326","13","4.29","","","235","0","49","1","2014-12-07","","1","6.00","4.80","0","NOR","0.0%"
"0","2","W 31-15","*","15","137.8","Drew Brees","80.56","0","0","0","14","2","29","0","0","CHI","35-334","14","12.08","","@","375","0","36","3","2014-12-15","","3","0.67","10.42","0","NOR","0.0%"
"0","8","L 14-30","*","42","72.4","Drew Brees","63.83","2","0","0","15","5","30","0","0","ATL","35-340","15","5.17","","","313","0","47","2","2014-12-21","","1","4.00","6.66","0","NOR","0.0%"
"0","-2","W 23-20","*","13","61.4","Drew Brees","63.16","3","1","1","16","2","24","0","0","TAM","35-347","16","4.37","1.00","@","281","1","38","2","2014-12-28","1.00","1","-1.00","7.39","0","NOR","100.0%"